ID,NOME,DESCRIÇÃO,IMAGEM,LINK
1,Adesivo,É um adesivo.,src/assets/images/LOGO1.png,produto1
2,Adesivo,É um adesivo.,src/assets/images/LOGO1.png,produto2
3,Adesivo,É um adesivo.,src/assets/images/LOGO1.png,produto3
4,Adesivo,É um adesivo.,src/assets/images/LOGO1.png,produto4
5,Adesivo,É um adesivo.,src/assets/images/LOGO1.png,produto5
6,Adesivo,É um adesivo.,src/assets/images/LOGO1.png,produto6
7,Adesivo,É um adesivo.,src/assets/images/LOGO1.png,produto7
8,Adesivo,É um adesivo.,src/assets/images/LOGO1.png,produto8
9,Adesivo,É um adesivo.,src/assets/images/LOGO1.png,produto9
10,Adesivo,É um adesivo.,src/assets/images/LOGO1.png,produto10
11,Adesivo,É um adesivo.,src/assets/images/LOGO1.png,produto11
12,Adesivo,É um adesivo.,src/assets/images/LOGO1.png,produto12
13,Adesivo,É um adesivo.,src/assets/images/LOGO1.png,produto13
14,Adesivo,É um adesivo.,src/assets/images/LOGO1.png,produto14
15,Adesivo,É um adesivo.,src/assets/images/LOGO1.png,produto15